Config,n_features,F1,F1_std,AUC,AUC_std,F1_drop
All Features (Full Model),24,0.8553343419992778,0.014985397484817076,0.9443026061654702,0.00821176986473911,0.0
Without Internal Mechanical,15,0.6546082697979158,0.026618963996824258,0.7535879901474563,0.024990270667632743,0.20072607220136207
Without Driver Behaviour,20,0.8434226120500126,0.009694337963391279,0.9375381026776657,0.011285361885257627,0.01191172994926526
Without Environmental (V2X),18,0.8289168005152602,0.019324955214273153,0.9302590954896779,0.006863957122336226,0.026417541484017648
Without Engineered Interactions,19,0.8474655729372259,0.0119865878784711,0.944504911252484,0.008572588039144697,0.007868769062051917
Internal Only (No Context),9,0.8065975870797406,0.018364782939699065,0.9041739941618584,0.0035481075817981266,0.04873675491953722
